"assetId","source","displayPurpose","scenesOrPrefabs","dimensions","pivot","meshCount","polygonCount","uvStatus","materialSlots","textureDependencies","lodAvailability","colliderDependencies","animationDependencies","placementSockets","visibleDefects","proposedAction","finalAction","testStatus"
"house.foundation.compact","src/house.js#createHouse","House foundation option: compact","city; builder preview; multiplayer visitors","5.925 × 6.735 × 6.735","local origin; contact plane Y=0","66","836","all mesh geometries have UV0","20","c0f29a35-aeac-4ccd-9390-b813ef6a33ad; tc_roof_color_2.5x2; tc_roof_height_2.5x2; tc_roof_roughness_2.5x2; tc_wood_color_2.5x2; tc_wood_height_2.5x2; tc_wood_roughness_2.5x2","not required at current gameplay size; camera culls with scene bounds","plot footprint and interaction use stable config, not mesh triangles","staged build order; smoke/spin/blink where configured","doorX; plot anchors; HouseDefinition generated separately","none after task6 rework","keep procedural geometry; standardize material response","kept geometry; assigned controlled material library","build + day/night material deck + gameplay-camera review passed"
"house.foundation.wide","src/house.js#createHouse","House foundation option: wide","city; builder preview; multiplayer visitors","8.1 × 6.735 × 6.535","local origin; contact plane Y=0","66","836","all mesh geometries have UV0","20","0b94f8a4-9762-40ec-ace1-ff6023787c28; tc_roof_color_2.5x2; tc_roof_height_2.5x2; tc_roof_roughness_2.5x2; tc_wood_color_2.5x2; tc_wood_height_2.5x2; tc_wood_roughness_2.5x2","not required at current gameplay size; camera culls with scene bounds","plot footprint and interaction use stable config, not mesh triangles","staged build order; smoke/spin/blink where configured","doorX; plot anchors; HouseDefinition generated separately","none after task6 rework","keep procedural geometry; standardize material response","kept geometry; assigned controlled material library","build + day/night material deck + gameplay-camera review passed"
"house.foundation.lshape","src/house.js#createHouse","House foundation option: lshape","city; builder preview; multiplayer visitors","8.15 × 6.735 × 6.735","local origin; contact plane Y=0","69","868","all mesh geometries have UV0","20","7886687b-5c22-4fb7-8185-33005028ef18; tc_roof_color_2.5x2; tc_roof_height_2.5x2; tc_roof_roughness_2.5x2; tc_wood_color_2.5x2; tc_wood_height_2.5x2; tc_wood_roughness_2.5x2","not required at current gameplay size; camera culls with scene bounds","plot footprint and interaction use stable config, not mesh triangles","staged build order; smoke/spin/blink where configured","doorX; plot anchors; HouseDefinition generated separately","none after task6 rework","keep procedural geometry; standardize material response","kept geometry; assigned controlled material library","build + day/night material deck + gameplay-camera review passed"
"house.height.one","src/house.js#createHouse","House height option: one","city; builder preview; multiplayer visitors","5.925 × 6.735 × 6.735","local origin; contact plane Y=0","66","836","all mesh geometries have UV0","20","86c5d4a5-a917-4895-b581-a33347211889; tc_roof_color_2.5x2; tc_roof_height_2.5x2; tc_roof_roughness_2.5x2; tc_wood_color_2.5x2; tc_wood_height_2.5x2; tc_wood_roughness_2.5x2","not required at current gameplay size; camera culls with scene bounds","plot footprint and interaction use stable config, not mesh triangles","staged build order; smoke/spin/blink where configured","doorX; plot anchors; HouseDefinition generated separately","none after task6 rework","keep procedural geometry; standardize material response","kept geometry; assigned controlled material library","build + day/night material deck + gameplay-camera review passed"
"house.height.two","src/house.js#createHouse","House height option: two","city; builder preview; multiplayer visitors","5.925 × 9.235 × 6.735","local origin; contact plane Y=0","108","1290","all mesh geometries have UV0","20","40be7535-1cf7-4bd0-825e-10faa8cf21a7; tc_roof_color_2.5x2; tc_roof_height_2.5x2; tc_roof_roughness_2.5x2; tc_wood_color_2.5x2; tc_wood_height_2.5x2; tc_wood_roughness_2.5x2","not required at current gameplay size; camera culls with scene bounds","plot footprint and interaction use stable config, not mesh triangles","staged build order; smoke/spin/blink where configured","doorX; plot anchors; HouseDefinition generated separately","none after task6 rework","keep procedural geometry; standardize material response","kept geometry; assigned controlled material library","build + day/night material deck + gameplay-camera review passed"
"house.height.attic","src/house.js#createHouse","House height option: attic","city; builder preview; multiplayer visitors","5.925 × 7.385 × 6.735","local origin; contact plane Y=0","69","858","all mesh geometries have UV0","20","7013eb5a-567b-4de9-ac95-0dc783370baa; tc_roof_color_2.5x2; tc_roof_height_2.5x2; tc_roof_roughness_2.5x2; tc_wood_color_2.5x2; tc_wood_height_2.5x2; tc_wood_roughness_2.5x2","not required at current gameplay size; camera culls with scene bounds","plot footprint and interaction use stable config, not mesh triangles","staged build order; smoke/spin/blink where configured","doorX; plot anchors; HouseDefinition generated separately","none after task6 rework","keep procedural geometry; standardize material response","kept geometry; assigned controlled material library","build + day/night material deck + gameplay-camera review passed"
"house.roof.gable","src/house.js#createHouse","House roof option: gable","city; builder preview; multiplayer visitors","5.925 × 6.735 × 6.735","local origin; contact plane Y=0","66","836","all mesh geometries have UV0","20","c7275bed-1f95-4067-b184-687e7e15fd86; tc_roof_color_2.5x2; tc_roof_height_2.5x2; tc_roof_roughness_2.5x2; tc_wood_color_2.5x2; tc_wood_height_2.5x2; tc_wood_roughness_2.5x2","not required at current gameplay size; camera culls with scene bounds","plot footprint and interaction use stable config, not mesh triangles","staged build order; smoke/spin/blink where configured","doorX; plot anchors; HouseDefinition generated separately","none after task6 rework","keep procedural geometry; standardize material response","kept geometry; assigned controlled material library","build + day/night material deck + gameplay-camera review passed"
"house.roof.shed","src/house.js#createHouse","House roof option: shed","city; builder preview; multiplayer visitors","5.875 × 4.716 × 6.772","local origin; contact plane Y=0","61","708","all mesh geometries have UV0","16","f3b0ea67-a8d3-49cf-83a7-9acd0007c4ca; tc_roof_color_2.5x2; tc_roof_height_2.5x2; tc_roof_roughness_2.5x2; tc_wood_color_2.5x2; tc_wood_height_2.5x2; tc_wood_roughness_2.5x2","not required at current gameplay size; camera culls with scene bounds","plot footprint and interaction use stable config, not mesh triangles","staged build order; smoke/spin/blink where configured","doorX; plot anchors; HouseDefinition generated separately","none after task6 rework","keep procedural geometry; standardize material response","kept geometry; assigned controlled material library","build + day/night material deck + gameplay-camera review passed"
"house.roof.flat","src/house.js#createHouse","House roof option: flat","city; builder preview; multiplayer visitors","5.775 × 3.844 × 6.56","local origin; contact plane Y=0","64","744","all mesh geometries have UV0","15","c4759dbd-9273-43f1-9b92-692e5c7dbb96; tc_roof_color_2.5x2; tc_roof_height_2.5x2; tc_roof_roughness_2.5x2; tc_wood_color_2.5x2; tc_wood_height_2.5x2; tc_wood_roughness_2.5x2","not required at current gameplay size; camera culls with scene bounds","plot footprint and interaction use stable config, not mesh triangles","staged build order; smoke/spin/blink where configured","doorX; plot anchors; HouseDefinition generated separately","none after task6 rework","keep procedural geometry; standardize material response","kept geometry; assigned controlled material library","build + day/night material deck + gameplay-camera review passed"
"house.kit.cozy","src/house.js#createHouse","House window/door kit: cozy","city; builder preview; multiplayer visitors","5.925 × 6.735 × 6.735","local origin; contact plane Y=0","66","836","all mesh geometries have UV0","20","0f8dda2f-2f74-4e0f-915b-fdf8c5b5b7c1; tc_roof_color_2.5x2; tc_roof_height_2.5x2; tc_roof_roughness_2.5x2; tc_wood_color_2.5x2; tc_wood_height_2.5x2; tc_wood_roughness_2.5x2","not required at current gameplay size; camera culls with scene bounds","plot footprint and interaction use stable config, not mesh triangles","staged build order; smoke/spin/blink where configured","doorX; plot anchors; HouseDefinition generated separately","none after task6 rework","keep procedural geometry; standardize material response","kept geometry; assigned controlled material library","build + day/night material deck + gameplay-camera review passed"
"house.kit.open","src/house.js#createHouse","House window/door kit: open","city; builder preview; multiplayer visitors","5.925 × 6.735 × 6.735","local origin; contact plane Y=0","54","692","all mesh geometries have UV0","19","d007e615-cd4d-4611-ade7-c413d1c59423; tc_roof_color_2.5x2; tc_roof_height_2.5x2; tc_roof_roughness_2.5x2; tc_wood_color_2.5x2; tc_wood_height_2.5x2; tc_wood_roughness_2.5x2","not required at current gameplay size; camera culls with scene bounds","plot footprint and interaction use stable config, not mesh triangles","staged build order; smoke/spin/blink where configured","doorX; plot anchors; HouseDefinition generated separately","none after task6 rework","keep procedural geometry; standardize material response","kept geometry; assigned controlled material library","build + day/night material deck + gameplay-camera review passed"
"house.kit.tech","src/house.js#createHouse","House window/door kit: tech","city; builder preview; multiplayer visitors","5.925 × 6.735 × 6.735","local origin; contact plane Y=0","50","644","all mesh geometries have UV0","19","f938b564-43a8-4205-848d-251d2596c739; tc_roof_color_2.5x2; tc_roof_height_2.5x2; tc_roof_roughness_2.5x2; tc_wood_color_2.5x2; tc_wood_height_2.5x2; tc_wood_roughness_2.5x2","not required at current gameplay size; camera culls with scene bounds","plot footprint and interaction use stable config, not mesh triangles","staged build order; smoke/spin/blink where configured","doorX; plot anchors; HouseDefinition generated separately","none after task6 rework","keep procedural geometry; standardize material response","kept geometry; assigned controlled material library","build + day/night material deck + gameplay-camera review passed"
"house.material.wood","src/house.js#createHouse","House material family: wood","city; builder preview; multiplayer visitors","5.925 × 6.735 × 6.735","local origin; contact plane Y=0","66","836","all mesh geometries have UV0","20","5a78b333-2068-4c69-bf20-2a5b39fd1e43; tc_roof_color_2.5x2; tc_roof_height_2.5x2; tc_roof_roughness_2.5x2; tc_wood_color_2.5x2; tc_wood_height_2.5x2; tc_wood_roughness_2.5x2","not required at current gameplay size; camera culls with scene bounds","plot footprint and interaction use stable config, not mesh triangles","staged build order; smoke/spin/blink where configured","doorX; plot anchors; HouseDefinition generated separately","none after task6 rework","keep procedural geometry; standardize material response","kept geometry; assigned controlled material library","build + day/night material deck + gameplay-camera review passed"
"house.material.brick","src/house.js#createHouse","House material family: brick","city; builder preview; multiplayer visitors","5.925 × 6.735 × 6.735","local origin; contact plane Y=0","69","872","all mesh geometries have UV0","20","c7fc6342-2edf-4cd6-ba79-713013bbcd81; tc_brick_color_2.5x2; tc_brick_height_2.5x2; tc_brick_roughness_2.5x2; tc_roof_color_2.5x2; tc_roof_height_2.5x2; tc_roof_roughness_2.5x2","not required at current gameplay size; camera culls with scene bounds","plot footprint and interaction use stable config, not mesh triangles","staged build order; smoke/spin/blink where configured","doorX; plot anchors; HouseDefinition generated separately","none after task6 rework","keep procedural geometry; standardize material response","kept geometry; assigned controlled material library","build + day/night material deck + gameplay-camera review passed"
"house.material.stone","src/house.js#createHouse","House material family: stone","city; builder preview; multiplayer visitors","5.925 × 6.735 × 6.735","local origin; contact plane Y=0","61","752","all mesh geometries have UV0","16","77e3a248-f1d4-4f93-aa3e-fb86c4a3087a; tc_roof_color_2.5x2; tc_roof_height_2.5x2; tc_roof_roughness_2.5x2; tc_stone_color_2.5x2; tc_stone_height_2.5x2; tc_stone_roughness_2.5x2","not required at current gameplay size; camera culls with scene bounds","plot footprint and interaction use stable config, not mesh triangles","staged build order; smoke/spin/blink where configured","doorX; plot anchors; HouseDefinition generated separately","none after task6 rework","keep procedural geometry; standardize material response","kept geometry; assigned controlled material library","build + day/night material deck + gameplay-camera review passed"
"house.material.tech","src/house.js#createHouse","House material family: tech","city; builder preview; multiplayer visitors","5.925 × 6.735 × 6.735","local origin; contact plane Y=0","62","764","all mesh geometries have UV0","17","cf2acf29-a3ec-4663-a735-8e126ca5dc40; tc_tech_color_2.5x2; tc_tech_height_2.5x2; tc_tech_roughness_2.5x2","not required at current gameplay size; camera culls with scene bounds","plot footprint and interaction use stable config, not mesh triangles","staged build order; smoke/spin/blink where configured","doorX; plot anchors; HouseDefinition generated separately","none after task6 rework","keep procedural geometry; standardize material response","kept geometry; assigned controlled material library","build + day/night material deck + gameplay-camera review passed"
"house.detail.solar","src/house.js#createHouse","House signature detail: solar","city; builder preview; multiplayer visitors","5.875 × 4.716 × 6.772","local origin; contact plane Y=0","61","708","all mesh geometries have UV0","16","6f97b9f0-c133-4677-98e9-5abf1d6163e8; tc_roof_color_2.5x2; tc_roof_height_2.5x2; tc_roof_roughness_2.5x2; tc_wood_color_2.5x2; tc_wood_height_2.5x2; tc_wood_roughness_2.5x2","not required at current gameplay size; camera culls with scene bounds","plot footprint and interaction use stable config, not mesh triangles","staged build order; smoke/spin/blink where configured","doorX; plot anchors; HouseDefinition generated separately","none after task6 rework","keep procedural geometry; standardize material response","kept geometry; assigned controlled material library","build + day/night material deck + gameplay-camera review passed"
"house.detail.antenna","src/house.js#createHouse","House signature detail: antenna","city; builder preview; multiplayer visitors","5.925 × 6.735 × 6.735","local origin; contact plane Y=0","66","836","all mesh geometries have UV0","20","6c72a904-8ce0-4749-911b-3bfdfe8a405c; tc_roof_color_2.5x2; tc_roof_height_2.5x2; tc_roof_roughness_2.5x2; tc_wood_color_2.5x2; tc_wood_height_2.5x2; tc_wood_roughness_2.5x2","not required at current gameplay size; camera culls with scene bounds","plot footprint and interaction use stable config, not mesh triangles","staged build order; smoke/spin/blink where configured","doorX; plot anchors; HouseDefinition generated separately","none after task6 rework","keep procedural geometry; standardize material response","kept geometry; assigned controlled material library","build + day/night material deck + gameplay-camera review passed"
"house.detail.balcony","src/house.js#createHouse","House signature detail: balcony","city; builder preview; multiplayer visitors","5.925 × 7.216 × 6.735","local origin; contact plane Y=0","113","1302","all mesh geometries have UV0","19","33f1d984-1273-4dd0-8e1e-dba406e4f354; tc_roof_color_2.5x2; tc_roof_height_2.5x2; tc_roof_roughness_2.5x2; tc_wood_color_2.5x2; tc_wood_height_2.5x2; tc_wood_roughness_2.5x2","not required at current gameplay size; camera culls with scene bounds","plot footprint and interaction use stable config, not mesh triangles","staged build order; smoke/spin/blink where configured","doorX; plot anchors; HouseDefinition generated separately","none after task6 rework","keep procedural geometry; standardize material response","kept geometry; assigned controlled material library","build + day/night material deck + gameplay-camera review passed"
"house.detail.token","src/house.js#createHouse","House signature detail: token","city; builder preview; multiplayer visitors","5.925 × 6.855 × 6.735","local origin; contact plane Y=0","65","832","all mesh geometries have UV0","20","a85350e0-9a8b-4261-ac14-04695b0ac6d9; tc_roof_color_2.5x2; tc_roof_height_2.5x2; tc_roof_roughness_2.5x2; tc_wood_color_2.5x2; tc_wood_height_2.5x2; tc_wood_roughness_2.5x2","not required at current gameplay size; camera culls with scene bounds","plot footprint and interaction use stable config, not mesh triangles","staged build order; smoke/spin/blink where configured","doorX; plot anchors; HouseDefinition generated separately","none after task6 rework","keep procedural geometry; standardize material response","kept geometry; assigned controlled material library","build + day/night material deck + gameplay-camera review passed"
"business.cafe","src/house.js#createCompanion","Little Café exterior business building","city; multiplayer visitors","4.3 × 3.755 × 5.27","local origin; contact plane Y=0","17","244","all mesh geometries have UV0","13","387cc5a0-1781-4a3c-9314-037e871fd9ad; tc_roof_color_2x1.5; tc_roof_height_2x1.5; tc_roof_roughness_2x1.5; tc_wood_color_2x1.5; tc_wood_height_2x1.5; tc_wood_roughness_2x1.5","not required at current gameplay size; camera culls with scene bounds","visual mesh is not used as a physics collider","build order; sign/window day-night response; optional smoke","none","none after task6 rework","keep procedural geometry; standardize material response","kept geometry; assigned controlled material library","build + day/night material deck + gameplay-camera review passed"
"business.flower","src/house.js#createCompanion","Flower Shop exterior business building","city; multiplayer visitors","4.3 × 3.755 × 4.425","local origin; contact plane Y=0","24","588","all mesh geometries have UV0","13","b7e90792-5dfe-472d-b442-e82705f3632b; tc_roof_color_2x1.5; tc_roof_height_2x1.5; tc_roof_roughness_2x1.5; tc_wood_color_2x1.5; tc_wood_height_2x1.5; tc_wood_roughness_2x1.5","not required at current gameplay size; camera culls with scene bounds","visual mesh is not used as a physics collider","build order; sign/window day-night response; optional smoke","none","none after task6 rework","keep procedural geometry; standardize material response","kept geometry; assigned controlled material library","build + day/night material deck + gameplay-camera review passed"
"business.bakery","src/house.js#createCompanion","Bakery exterior business building","city; multiplayer visitors","4.76 × 4.016 × 4.9","local origin; contact plane Y=0","18","348","all mesh geometries have UV0","15","e7f05d9a-c07d-415b-a7c8-8755a81e56da; tc_brick_color_2x1.5; tc_brick_height_2x1.5; tc_brick_roughness_2x1.5; tc_roof_color_2x1.5; tc_roof_height_2x1.5; tc_roof_roughness_2x1.5","not required at current gameplay size; camera culls with scene bounds","visual mesh is not used as a physics collider","build order; sign/window day-night response; optional smoke","none","none after task6 rework","keep procedural geometry; standardize material response","kept geometry; assigned controlled material library","build + day/night material deck + gameplay-camera review passed"
"business.workshop","src/house.js#createCompanion","Workshop exterior business building","city; multiplayer visitors","4.56 × 3.755 × 4.725","local origin; contact plane Y=0","16","236","all mesh geometries have UV0","12","1c3a5902-cc3a-4794-bc84-ef6b270f5739; tc_brick_color_2x1.5; tc_brick_height_2x1.5; tc_brick_roughness_2x1.5; tc_roof_color_2x1.5; tc_roof_height_2x1.5; tc_roof_roughness_2x1.5","not required at current gameplay size; camera culls with scene bounds","visual mesh is not used as a physics collider","build order; sign/window day-night response; optional smoke","none","none after task6 rework","keep procedural geometry; standardize material response","kept geometry; assigned controlled material library","build + day/night material deck + gameplay-camera review passed"
"business.library","src/house.js#createCompanion","Library exterior business building","city; multiplayer visitors","4.2 × 3.125 × 4.825","local origin; contact plane Y=0","16","204","all mesh geometries have UV0","11","5534ed27-cb9f-47a5-a716-994adb66fcb2; tc_roof_color_2x1.5; tc_roof_height_2x1.5; tc_roof_roughness_2x1.5; tc_stone_color_2x1.5; tc_stone_height_2x1.5; tc_stone_roughness_2x1.5","not required at current gameplay size; camera culls with scene bounds","visual mesh is not used as a physics collider","build order; sign/window day-night response; optional smoke","none","none after task6 rework","keep procedural geometry; standardize material response","kept geometry; assigned controlled material library","build + day/night material deck + gameplay-camera review passed"
"business.gallery","src/house.js#createCompanion","Gallery exterior business building","city; multiplayer visitors","4.2 × 3.125 × 4.85","local origin; contact plane Y=0","16","202","all mesh geometries have UV0","10","0f5a72df-a4d2-4732-afb1-835b70f6714d; tc_roof_color_2x1.5; tc_roof_height_2x1.5; tc_roof_roughness_2x1.5; tc_stone_color_2x1.5; tc_stone_height_2x1.5; tc_stone_roughness_2x1.5","not required at current gameplay size; camera culls with scene bounds","visual mesh is not used as a physics collider","build order; sign/window day-night response; optional smoke","none","none after task6 rework","keep procedural geometry; standardize material response","kept geometry; assigned controlled material library","build + day/night material deck + gameplay-camera review passed"
"business.techstore","src/house.js#createCompanion","Tech Store exterior business building","city; multiplayer visitors","4.2 × 3.125 × 4.65","local origin; contact plane Y=0","15","160","all mesh geometries have UV0","11","ce7932fd-4ab4-4623-a267-cb0c5eff10bf; tc_tech_color_2x1.5; tc_tech_height_2x1.5; tc_tech_roughness_2x1.5","not required at current gameplay size; camera culls with scene bounds","visual mesh is not used as a physics collider","build order; sign/window day-night response; optional smoke","none","none after task6 rework","keep procedural geometry; standardize material response","kept geometry; assigned controlled material library","build + day/night material deck + gameplay-camera review passed"
"business.arcade","src/house.js#createCompanion","Game Arcade exterior business building","city; multiplayer visitors","4.2 × 3.125 × 4.6","local origin; contact plane Y=0","17","184","all mesh geometries have UV0","11","8bc73c54-89ce-4250-8e7f-0bb53a9555a3; tc_tech_color_2x1.5; tc_tech_height_2x1.5; tc_tech_roughness_2x1.5","not required at current gameplay size; camera culls with scene bounds","visual mesh is not used as a physics collider","build order; sign/window day-night response; optional smoke","none","none after task6 rework","keep procedural geometry; standardize material response","kept geometry; assigned controlled material library","build + day/night material deck + gameplay-camera review passed"
"item.rug","src/items.js#BUILDERS.rug","Rug","interior; item preview","3 × 0.07 × 3","local origin; contact plane Y=0","2","128","all mesh geometries have UV0","2","tc_fabric_color_2x2; tc_fabric_color_3x3; tc_fabric_height_2x2; tc_fabric_height_3x3; tc_fabric_roughness_2x2; tc_fabric_roughness_3x3","not required at current gameplay size; camera culls with scene bounds","placement footprint comes from slot types: floor-large","optional per-part spin/blink/flag metadata","floor-large","none after task6 rework","keep procedural geometry; standardize material response","kept geometry; assigned controlled material library","build + day/night material deck + gameplay-camera review passed"
"item.sofa","src/items.js#BUILDERS.sofa","Sofa","interior; item preview","2.25 × 1.1 × 0.905","local origin; contact plane Y=0","6","72","all mesh geometries have UV0","3","tc_fabric_color_1x1; tc_fabric_height_1x1; tc_fabric_roughness_1x1; tc_plastic_color_1x1; tc_plastic_height_1x1; tc_plastic_roughness_1x1","not required at current gameplay size; camera culls with scene bounds","placement footprint comes from slot types: floor-large","optional per-part spin/blink/flag metadata","floor-large","none after task6 rework","keep procedural geometry; standardize material response","kept geometry; assigned controlled material library","build + day/night material deck + gameplay-camera review passed"
"item.table","src/items.js#BUILDERS.table","Coffee Table","interior; item preview","1.3 × 0.67 × 0.9","local origin; contact plane Y=0","5","60","all mesh geometries have UV0","2","tc_wood_color_1x1; tc_wood_height_1x1; tc_wood_roughness_1x1","not required at current gameplay size; camera culls with scene bounds","placement footprint comes from slot types: floor-med","optional per-part spin/blink/flag metadata","floor-med","none after task6 rework","keep procedural geometry; standardize material response","kept geometry; assigned controlled material library","build + day/night material deck + gameplay-camera review passed"
"item.plant","src/items.js#BUILDERS.plant","House Plant","interior; item preview","0.838 × 1.255 × 0.766","local origin; contact plane Y=0","3","68","all mesh geometries have UV0","3","tc_foliage_color_1x1; tc_foliage_height_1x1; tc_foliage_roughness_1x1; tc_plastic_color_1x1; tc_plastic_height_1x1; tc_plastic_roughness_1x1","not required at current gameplay size; camera culls with scene bounds","placement footprint comes from slot types: floor-small","optional per-part spin/blink/flag metadata","floor-small","none after task6 rework","keep procedural geometry; standardize material response","kept geometry; assigned controlled material library","build + day/night material deck + gameplay-camera review passed"
"item.lamp_floor","src/items.js#BUILDERS.lamp_floor","Floor Lamp","interior; item preview","0.8 × 1.85 × 0.8","local origin; contact plane Y=0","3","64","all mesh geometries have UV0","2","tc_metal_color_1x1; tc_metal_height_1x1; tc_metal_roughness_1x1","not required at current gameplay size; camera culls with scene bounds","placement footprint comes from slot types: floor-small","optional per-part spin/blink/flag metadata","floor-small","none after task6 rework","keep procedural geometry; standardize material response","kept geometry; assigned controlled material library","build + day/night material deck + gameplay-camera review passed"
"item.meme_poster","src/items.js#BUILDERS.meme_poster","Meme Poster","interior; item preview","1.2 × 1.2 × 0.07","local origin; contact plane Y=0","2","14","all mesh geometries have UV0","2","494b238e-4e9f-4ca6-99cd-059ecbfb4c8f; tc_plastic_color_1x1; tc_plastic_height_1x1; tc_plastic_roughness_1x1","not required at current gameplay size; camera culls with scene bounds","placement footprint comes from slot types: wall","optional per-part spin/blink/flag metadata","wall","none after task6 rework","keep procedural geometry; standardize material response","kept geometry; assigned controlled material library","build + day/night material deck + gameplay-camera review passed"
"item.nft_frame","src/items.js#BUILDERS.nft_frame","NFT Frame","interior; item preview","1.2 × 1.2 × 0.11","local origin; contact plane Y=0","2","14","all mesh geometries have UV0","2","0580537b-a4db-4d23-a0c4-038d89335ab7; tc_ceramic_color_1x1; tc_ceramic_height_1x1; tc_ceramic_roughness_1x1","not required at current gameplay size; camera culls with scene bounds","placement footprint comes from slot types: wall","optional per-part spin/blink/flag metadata","wall","none after task6 rework","keep procedural geometry; standardize material response","kept geometry; assigned controlled material library","build + day/night material deck + gameplay-camera review passed"
"item.safe","src/items.js#BUILDERS.safe","Crypto Safe","interior; item preview","0.8 × 1 × 0.77","local origin; contact plane Y=0","3","64","all mesh geometries have UV0","2","tc_ceramic_color_1x1; tc_ceramic_height_1x1; tc_ceramic_roughness_1x1; tc_metal_color_1x1; tc_metal_height_1x1; tc_metal_roughness_1x1","not required at current gameplay size; camera culls with scene bounds","placement footprint comes from slot types: floor-small","optional per-part spin/blink/flag metadata","floor-small","none after task6 rework","keep procedural geometry; standardize material response","kept geometry; assigned controlled material library","build + day/night material deck + gameplay-camera review passed"
"item.hw_wallet","src/items.js#BUILDERS.hw_wallet","Hardware Wallet","interior; item preview","0.3 × 0.412 × 0.2","local origin; contact plane Y=0","3","26","all mesh geometries have UV0","3","tc_metal_color_1x1; tc_metal_height_1x1; tc_metal_roughness_1x1; tc_plastic_color_1x1; tc_plastic_height_1x1; tc_plastic_roughness_1x1","not required at current gameplay size; camera culls with scene bounds","placement footprint comes from slot types: surface","optional per-part spin/blink/flag metadata","surface","none after task6 rework","keep procedural geometry; standardize material response","kept geometry; assigned controlled material library","build + day/night material deck + gameplay-camera review passed"
"item.terminal","src/items.js#BUILDERS.terminal","Chart Terminal","interior; item preview","1.4 × 1.432 × 0.7","local origin; contact plane Y=0","5","50","all mesh geometries have UV0","4","f04325f6-1797-4e40-b291-8152ab114de3; tc_metal_color_1x1; tc_metal_height_1x1; tc_metal_roughness_1x1; tc_plastic_color_1x1; tc_plastic_height_1x1; tc_plastic_roughness_1x1","not required at current gameplay size; camera culls with scene bounds","placement footprint comes from slot types: floor-med","optional per-part spin/blink/flag metadata","floor-med","none after task6 rework","keep procedural geometry; standardize material response","kept geometry; assigned controlled material library","build + day/night material deck + gameplay-camera review passed"
"item.server_rack","src/items.js#BUILDERS.server_rack","Dev Is Cooking Rack","interior; item preview","0.9 × 2 × 0.765","local origin; contact plane Y=0","11","132","all mesh geometries have UV0","7","tc_metal_color_1x1; tc_metal_height_1x1; tc_metal_roughness_1x1","not required at current gameplay size; camera culls with scene bounds","placement footprint comes from slot types: floor-tall","optional per-part spin/blink/flag metadata","floor-tall","none after task6 rework","keep procedural geometry; standardize material response","kept geometry; assigned controlled material library","build + day/night material deck + gameplay-camera review passed"
"item.holo_token","src/items.js#BUILDERS.holo_token","Holo Token","interior; item preview","0.72 × 0.99 × 0.72","local origin; contact plane Y=0","3","88","all mesh geometries have UV0","3","tc_metal_color_1x1; tc_metal_height_1x1; tc_metal_roughness_1x1","not required at current gameplay size; camera culls with scene bounds","placement footprint comes from slot types: surface","optional per-part spin/blink/flag metadata","surface","none after task6 rework","keep procedural geometry; standardize material response","kept geometry; assigned controlled material library","build + day/night material deck + gameplay-camera review passed"
"item.gm_clock","src/items.js#BUILDERS.gm_clock","GM Clock","interior; item preview","0.52 × 0.64 × 0.16","local origin; contact plane Y=0","4","110","all mesh geometries have UV0","4","ecd23afe-5a53-4b37-b4ff-98b23e8b2e28; tc_ceramic_color_1x1; tc_ceramic_height_1x1; tc_ceramic_roughness_1x1; tc_plastic_color_1x1; tc_plastic_height_1x1; tc_plastic_roughness_1x1","not required at current gameplay size; camera culls with scene bounds","placement footprint comes from slot types: surface","optional per-part spin/blink/flag metadata","surface","none after task6 rework","keep procedural geometry; standardize material response","kept geometry; assigned controlled material library","build + day/night material deck + gameplay-camera review passed"
"item.gn_moon","src/items.js#BUILDERS.gn_moon","GN Moon Lamp","interior; item preview","0.429 × 0.84 × 0.429","local origin; contact plane Y=0","3","148","all mesh geometries have UV0","2","tc_metal_color_1x1; tc_metal_height_1x1; tc_metal_roughness_1x1","not required at current gameplay size; camera culls with scene bounds","placement footprint comes from slot types: surface|floor-small","optional per-part spin/blink/flag metadata","surface|floor-small","none after task6 rework","keep procedural geometry; standardize material response","kept geometry; assigned controlled material library","build + day/night material deck + gameplay-camera review passed"
"item.diamond_hands","src/items.js#BUILDERS.diamond_hands","Diamond Hands Trophy","interior; item preview","0.6 × 0.57 × 0.41","local origin; contact plane Y=0","4","30","all mesh geometries have UV0","3","e5ab4682-b5a5-426e-9c47-0ddb2de05349; tc_plastic_color_1x1; tc_plastic_height_1x1; tc_plastic_roughness_1x1","not required at current gameplay size; camera culls with scene bounds","placement footprint comes from slot types: surface","optional per-part spin/blink/flag metadata","surface","none after task6 rework","keep procedural geometry; standardize material response","kept geometry; assigned controlled material library","build + day/night material deck + gameplay-camera review passed"
"item.paper_bin","src/items.js#BUILDERS.paper_bin","Paper Hands Bin","interior; item preview","0.674 × 0.64 × 0.57","local origin; contact plane Y=0","5","192","all mesh geometries have UV0","2","tc_ceramic_color_1x1; tc_ceramic_height_1x1; tc_ceramic_roughness_1x1; tc_metal_color_1x1; tc_metal_height_1x1; tc_metal_roughness_1x1","not required at current gameplay size; camera culls with scene bounds","placement footprint comes from slot types: floor-small|door","optional per-part spin/blink/flag metadata","floor-small|door","none after task6 rework","keep procedural geometry; standardize material response","kept geometry; assigned controlled material library","build + day/night material deck + gameplay-camera review passed"
"item.bag_rack","src/items.js#BUILDERS.bag_rack","Bagholder Rack","interior; item preview","0.94 × 1.7 × 0.26","local origin; contact plane Y=0","7","86","all mesh geometries have UV0","6","f4bb9fd7-1857-4a4c-ab9a-105ae7ddd079; tc_fabric_color_1x1; tc_fabric_height_1x1; tc_fabric_roughness_1x1; tc_plastic_color_1x1; tc_plastic_height_1x1; tc_plastic_roughness_1x1; tc_wood_color_1x1; tc_wood_height_1x1; tc_wood_roughness_1x1","not required at current gameplay size; camera culls with scene bounds","placement footprint comes from slot types: floor-tall|door","optional per-part spin/blink/flag metadata","floor-tall|door","none after task6 rework","keep procedural geometry; standardize material response","kept geometry; assigned controlled material library","build + day/night material deck + gameplay-camera review passed"
"item.copium_tank","src/items.js#BUILDERS.copium_tank","Copium Tank","interior; item preview","0.68 × 1.406 × 0.45","local origin; contact plane Y=0","6","134","all mesh geometries have UV0","4","7c7cf7d4-e916-4c0f-875a-4c01c358ca7e; tc_foliage_color_1x1; tc_foliage_height_1x1; tc_foliage_roughness_1x1; tc_metal_color_1x1; tc_metal_height_1x1; tc_metal_roughness_1x1","not required at current gameplay size; camera culls with scene bounds","placement footprint comes from slot types: floor-small","optional per-part spin/blink/flag metadata","floor-small","none after task6 rework","keep procedural geometry; standardize material response","kept geometry; assigned controlled material library","build + day/night material deck + gameplay-camera review passed"
"item.hopium_balloon","src/items.js#BUILDERS.hopium_balloon","Hopium Balloon","interior; item preview","0.582 × 2.195 × 0.591","local origin; contact plane Y=0","3","154","all mesh geometries have UV0","3","tc_metal_color_1x1; tc_metal_height_1x1; tc_metal_roughness_1x1; tc_plastic_color_1x1; tc_plastic_height_1x1; tc_plastic_roughness_1x1","not required at current gameplay size; camera culls with scene bounds","placement footprint comes from slot types: floor-small","optional per-part spin/blink/flag metadata","floor-small","none after task6 rework","keep procedural geometry; standardize material response","kept geometry; assigned controlled material library","build + day/night material deck + gameplay-camera review passed"
"item.ath_mountain","src/items.js#BUILDERS.ath_mountain","ATH Mountain","interior; item preview","0.727 × 1 × 0.84","local origin; contact plane Y=0","4","42","all mesh geometries have UV0","4","953ed597-c247-4da3-91fb-95b8c1fc4532; tc_metal_color_1x1; tc_metal_height_1x1; tc_metal_roughness_1x1","not required at current gameplay size; camera culls with scene bounds","placement footprint comes from slot types: surface","optional per-part spin/blink/flag metadata","surface","none after task6 rework","keep procedural geometry; standardize material response","kept geometry; assigned controlled material library","build + day/night material deck + gameplay-camera review passed"
"item.rug_trap","src/items.js#BUILDERS.rug_trap","Rug Trap","interior; item preview","1.67 × 0.199 × 1.18","local origin; contact plane Y=0","4","48","all mesh geometries have UV0","4","tc_fabric_color_1x1; tc_fabric_height_1x1; tc_fabric_roughness_1x1; tc_wood_color_1x1; tc_wood_height_1x1; tc_wood_roughness_1x1","not required at current gameplay size; camera culls with scene bounds","placement footprint comes from slot types: floor-large","optional per-part spin/blink/flag metadata","floor-large","none after task6 rework","keep procedural geometry; standardize material response","kept geometry; assigned controlled material library","build + day/night material deck + gameplay-camera review passed"
"item.green_candle","src/items.js#BUILDERS.green_candle","Green Candle Lamp","interior; item preview","0.48 × 1.725 × 0.48","local origin; contact plane Y=0","4","68","all mesh geometries have UV0","4","tc_foliage_color_1x1; tc_foliage_height_1x1; tc_foliage_roughness_1x1; tc_metal_color_1x1; tc_metal_height_1x1; tc_metal_roughness_1x1; tc_plastic_color_1x1; tc_plastic_height_1x1; tc_plastic_roughness_1x1","not required at current gameplay size; camera culls with scene bounds","placement footprint comes from slot types: floor-small","optional per-part spin/blink/flag metadata","floor-small","none after task6 rework","keep procedural geometry; standardize material response","kept geometry; assigned controlled material library","build + day/night material deck + gameplay-camera review passed"
"item.red_alarm","src/items.js#BUILDERS.red_alarm","Red Candle Alarm","interior; item preview","0.34 × 0.44 × 0.14","local origin; contact plane Y=0","3","102","all mesh geometries have UV0","3","2d9b208e-9f52-46a9-94db-88b45883dd5a; tc_metal_color_1x1; tc_metal_height_1x1; tc_metal_roughness_1x1","not required at current gameplay size; camera culls with scene bounds","placement footprint comes from slot types: wall","optional per-part spin/blink/flag metadata","wall","none after task6 rework","keep procedural geometry; standardize material response","kept geometry; assigned controlled material library","build + day/night material deck + gameplay-camera review passed"
"item.telescope","src/items.js#BUILDERS.telescope","Wen Moon Telescope","interior; item preview","0.6 × 1.344 × 0.715","local origin; contact plane Y=0","3","72","all mesh geometries have UV0","3","tc_ceramic_color_1x1; tc_ceramic_height_1x1; tc_ceramic_roughness_1x1; tc_metal_color_1x1; tc_metal_height_1x1; tc_metal_roughness_1x1; tc_plastic_color_1x1; tc_plastic_height_1x1; tc_plastic_roughness_1x1","not required at current gameplay size; camera culls with scene bounds","placement footprint comes from slot types: window","optional per-part spin/blink/flag metadata","window","none after task6 rework","keep procedural geometry; standardize material response","kept geometry; assigned controlled material library","build + day/night material deck + gameplay-camera review passed"
"item.grass_mat","src/items.js#BUILDERS.grass_mat","Touch Grass Mat","interior; item preview","0.8 × 0.21 × 0.8","local origin; contact plane Y=0","8","86","all mesh geometries have UV0","4","7f00d750-3963-4c97-8d0f-6f863ecf0d82; tc_foliage_color_1x1; tc_foliage_height_1x1; tc_foliage_roughness_1x1; tc_wood_color_1x1; tc_wood_height_1x1; tc_wood_roughness_1x1","not required at current gameplay size; camera culls with scene bounds","placement footprint comes from slot types: floor-small|door","optional per-part spin/blink/flag metadata","floor-small|door","none after task6 rework","keep procedural geometry; standardize material response","kept geometry; assigned controlled material library","build + day/night material deck + gameplay-camera review passed"
"item.alpha_folder","src/items.js#BUILDERS.alpha_folder","Alpha Folder","interior; item preview","0.36 × 0.336 × 0.2","local origin; contact plane Y=0","4","38","all mesh geometries have UV0","4","6712c8b0-6446-444d-918c-78d16fab82b6; tc_plastic_color_1x1; tc_plastic_height_1x1; tc_plastic_roughness_1x1; tc_wood_color_1x1; tc_wood_height_1x1; tc_wood_roughness_1x1","not required at current gameplay size; camera culls with scene bounds","placement footprint comes from slot types: surface","optional per-part spin/blink/flag metadata","surface","none after task6 rework","keep procedural geometry; standardize material response","kept geometry; assigned controlled material library","build + day/night material deck + gameplay-camera review passed"
"item.dyor_shelf","src/items.js#BUILDERS.dyor_shelf","DYOR Bookshelf","interior; item preview","1 × 2.055 × 0.34","local origin; contact plane Y=0","14","158","all mesh geometries have UV0","7","08a27d48-1d88-4bdc-b00d-ca9185c35cc5; tc_fabric_color_1x1; tc_fabric_height_1x1; tc_fabric_roughness_1x1; tc_plastic_color_1x1; tc_plastic_height_1x1; tc_plastic_roughness_1x1; tc_wood_color_1x1; tc_wood_height_1x1; tc_wood_roughness_1x1","not required at current gameplay size; camera culls with scene bounds","placement footprint comes from slot types: floor-tall","optional per-part spin/blink/flag metadata","floor-tall","none after task6 rework","keep procedural geometry; standardize material response","kept geometry; assigned controlled material library","build + day/night material deck + gameplay-camera review passed"
"item.vibes_terminal","src/items.js#BUILDERS.vibes_terminal","Vibes Terminal","interior; item preview","0.9 × 1.175 × 0.6","local origin; contact plane Y=0","3","38","all mesh geometries have UV0","3","62ca19d0-9d26-4112-8417-646ca9de4aeb; tc_metal_color_1x1; tc_metal_height_1x1; tc_metal_roughness_1x1; tc_plastic_color_1x1; tc_plastic_height_1x1; tc_plastic_roughness_1x1","not required at current gameplay size; camera culls with scene bounds","placement footprint comes from slot types: floor-med","optional per-part spin/blink/flag metadata","floor-med","none after task6 rework","keep procedural geometry; standardize material response","kept geometry; assigned controlled material library","build + day/night material deck + gameplay-camera review passed"
"item.degen_coffee","src/items.js#BUILDERS.degen_coffee","Degen Coffee Machine","interior; item preview","0.34 × 0.45 × 0.39","local origin; contact plane Y=0","5","88","all mesh geometries have UV0","5","0e657bec-051d-4453-a8a9-2cee3681a12d; tc_ceramic_color_1x1; tc_ceramic_height_1x1; tc_ceramic_roughness_1x1; tc_fabric_color_1x1; tc_fabric_height_1x1; tc_fabric_roughness_1x1; tc_metal_color_1x1; tc_metal_height_1x1; tc_metal_roughness_1x1; tc_plastic_color_1x1; tc_plastic_height_1x1; tc_plastic_roughness_1x1","not required at current gameplay size; camera culls with scene bounds","placement footprint comes from slot types: surface","optional per-part spin/blink/flag metadata","surface","none after task6 rework","keep procedural geometry; standardize material response","kept geometry; assigned controlled material library","build + day/night material deck + gameplay-camera review passed"
"item.sell_button","src/items.js#BUILDERS.sell_button","Emergency Sell Button","interior; item preview","0.647 × 0.241 × 0.723","local origin; contact plane Y=0","3","82","all mesh geometries have UV0","3","9bea8d29-5192-4e47-92d3-3a4b5c5689cc; tc_metal_color_1x1; tc_metal_height_1x1; tc_metal_roughness_1x1","not required at current gameplay size; camera culls with scene bounds","placement footprint comes from slot types: surface","optional per-part spin/blink/flag metadata","surface","none after task6 rework","keep procedural geometry; standardize material response","kept geometry; assigned controlled material library","build + day/night material deck + gameplay-camera review passed"
"item.doormat","src/items.js#BUILDERS.doormat","Trenches Doormat","interior; item preview","1 × 0.045 × 0.6","local origin; contact plane Y=0","2","14","all mesh geometries have UV0","2","389e3701-5353-40e8-afb4-f703de3c1071; tc_wood_color_1x1; tc_wood_height_1x1; tc_wood_roughness_1x1","not required at current gameplay size; camera culls with scene bounds","placement footprint comes from slot types: door","optional per-part spin/blink/flag metadata","door","none after task6 rework","keep procedural geometry; standardize material response","kept geometry; assigned controlled material library","build + day/night material deck + gameplay-camera review passed"
"item.candle_arcade","src/items.js#BUILDERS.candle_arcade","Chase the Candle Arcade","interior; item preview","0.84 × 1.9 × 1.06","local origin; contact plane Y=0","5","86","all mesh geometries have UV0","5","47d0da10-8f3c-4a72-ab2a-3645bc0d3a0b; tc_fabric_color_1x1; tc_fabric_height_1x1; tc_fabric_roughness_1x1; tc_plastic_color_1x1; tc_plastic_height_1x1; tc_plastic_roughness_1x1","not required at current gameplay size; camera culls with scene bounds","placement footprint comes from slot types: floor-tall","optional per-part spin/blink/flag metadata","floor-tall","none after task6 rework","keep procedural geometry; standardize material response","kept geometry; assigned controlled material library","build + day/night material deck + gameplay-camera review passed"
"item.oil_barrel","src/items.js#BUILDERS.oil_barrel","Official Unofficial Oil Barrel","interior; yard; item preview","0.637 × 0.85 × 0.67","local origin; contact plane Y=0","4","122","all mesh geometries have UV0","3","455c2840-1dad-4f3a-b807-2059488468ab; tc_metal_color_1x1; tc_metal_height_1x1; tc_metal_roughness_1x1","not required at current gameplay size; camera culls with scene bounds","placement footprint comes from slot types: floor-small|yard","optional per-part spin/blink/flag metadata","floor-small|yard","none after task6 rework","keep procedural geometry; standardize material response","kept geometry; assigned controlled material library","build + day/night material deck + gameplay-camera review passed"
"item.reserve_safe","src/items.js#BUILDERS.reserve_safe","Strategic Meme Reserve Safe","interior; item preview","1.06 × 1.3 × 1.203","local origin; contact plane Y=0","4","66","all mesh geometries have UV0","4","a03f8476-60d2-4c56-877d-5e2d955b8807; tc_metal_color_1x1; tc_metal_height_1x1; tc_metal_roughness_1x1; tc_plastic_color_1x1; tc_plastic_height_1x1; tc_plastic_roughness_1x1","not required at current gameplay size; camera culls with scene bounds","placement footprint comes from slot types: floor-tall","optional per-part spin/blink/flag metadata","floor-tall","none after task6 rework","keep procedural geometry; standardize material response","kept geometry; assigned controlled material library","build + day/night material deck + gameplay-camera review passed"
"item.ticker_gen","src/items.js#BUILDERS.ticker_gen","Four-Letter Ticker Generator","interior; item preview","0.7 × 1.3 × 0.598","local origin; contact plane Y=0","4","38","all mesh geometries have UV0","4","9e5ece50-e447-4c89-b9c4-ae09c60f9ca1; tc_ceramic_color_1x1; tc_ceramic_height_1x1; tc_ceramic_roughness_1x1; tc_metal_color_1x1; tc_metal_height_1x1; tc_metal_roughness_1x1; tc_plastic_color_1x1; tc_plastic_height_1x1; tc_plastic_roughness_1x1","not required at current gameplay size; camera culls with scene bounds","placement footprint comes from slot types: floor-med","optional per-part spin/blink/flag metadata","floor-med","none after task6 rework","keep procedural geometry; standardize material response","kept geometry; assigned controlled material library","build + day/night material deck + gameplay-camera review passed"
"item.nothing_cert","src/items.js#BUILDERS.nothing_cert","Tokenized Nothing Certificate","interior; item preview","1 × 0.76 × 0.08","local origin; contact plane Y=0","2","14","all mesh geometries have UV0","2","1444d75c-8a5e-4ec8-8929-ae729ab0c471; tc_ceramic_color_1x1; tc_ceramic_height_1x1; tc_ceramic_roughness_1x1","not required at current gameplay size; camera culls with scene bounds","placement footprint comes from slot types: wall","optional per-part spin/blink/flag metadata","wall","none after task6 rework","keep procedural geometry; standardize material response","kept geometry; assigned controlled material library","build + day/night material deck + gameplay-camera review passed"
"item.official_stamp","src/items.js#BUILDERS.official_stamp","Definitely Official Stamp","interior; item preview","0.85 × 0.5 × 0.36","local origin; contact plane Y=0","4","58","all mesh geometries have UV0","4","8f16bc54-a71f-4db0-81be-1793cfad3e2f; tc_ceramic_color_1x1; tc_ceramic_height_1x1; tc_ceramic_roughness_1x1; tc_plastic_color_1x1; tc_plastic_height_1x1; tc_plastic_roughness_1x1; tc_wood_color_1x1; tc_wood_height_1x1; tc_wood_roughness_1x1","not required at current gameplay size; camera culls with scene bounds","placement footprint comes from slot types: surface","optional per-part spin/blink/flag metadata","surface","none after task6 rework","keep procedural geometry; standardize material response","kept geometry; assigned controlled material library","build + day/night material deck + gameplay-camera review passed"
"item.copycat_printer","src/items.js#BUILDERS.copycat_printer","Copycat Printer","interior; item preview","1.04 × 1.054 × 0.6","local origin; contact plane Y=0","5","30","all mesh geometries have UV0","5","404193b9-34fc-4ffa-b22f-686110066d0f; 8ec0b8a1-2b24-4e5d-9241-4a330c97d6ef; bf291b2d-f11d-458f-a84f-3e42d76af1b9; tc_metal_color_1x1; tc_metal_height_1x1; tc_metal_roughness_1x1","not required at current gameplay size; camera culls with scene bounds","placement footprint comes from slot types: floor-med","optional per-part spin/blink/flag metadata","floor-med","none after task6 rework","keep procedural geometry; standardize material response","kept geometry; assigned controlled material library","build + day/night material deck + gameplay-camera review passed"
"item.bull_bust","src/items.js#BUILDERS.bull_bust","Bull Market Bust","interior; item preview","0.556 × 0.953 × 0.43","local origin; contact plane Y=0","6","88","all mesh geometries have UV0","5","tc_ceramic_color_1x1; tc_ceramic_height_1x1; tc_ceramic_roughness_1x1; tc_foliage_color_1x1; tc_foliage_height_1x1; tc_foliage_roughness_1x1; tc_wood_color_1x1; tc_wood_height_1x1; tc_wood_roughness_1x1","not required at current gameplay size; camera culls with scene bounds","placement footprint comes from slot types: surface","optional per-part spin/blink/flag metadata","surface","none after task6 rework","keep procedural geometry; standardize material response","kept geometry; assigned controlled material library","build + day/night material deck + gameplay-camera review passed"
"item.asset_board","src/items.js#BUILDERS.asset_board","Global Asset Planning Board","interior; item preview","1.3 × 0.9 × 0.121","local origin; contact plane Y=0","10","254","all mesh geometries have UV0","7","f8bc2f51-06ae-499f-9439-6fd1c2d0d537; tc_ceramic_color_1x1; tc_ceramic_height_1x1; tc_ceramic_roughness_1x1; tc_fabric_color_1x1; tc_fabric_height_1x1; tc_fabric_roughness_1x1; tc_plastic_color_1x1; tc_plastic_height_1x1; tc_plastic_roughness_1x1","not required at current gameplay size; camera culls with scene bounds","placement footprint comes from slot types: wall","optional per-part spin/blink/flag metadata","wall","none after task6 rework","keep procedural geometry; standardize material response","kept geometry; assigned controlled material library","build + day/night material deck + gameplay-camera review passed"
"item.portal","src/items.js#BUILDERS.portal","Portal to Storage","interior; item preview","1.38 × 1.54 × 0.53","local origin; contact plane Y=0","4","354","all mesh geometries have UV0","4","905fe077-42a6-4c84-997d-94198fb7b3ae; tc_metal_color_1x1; tc_metal_height_1x1; tc_metal_roughness_1x1","not required at current gameplay size; camera culls with scene bounds","placement footprint comes from slot types: floor-tall","optional per-part spin/blink/flag metadata","floor-tall","none after task6 rework","keep procedural geometry; standardize material response","kept geometry; assigned controlled material library","build + day/night material deck + gameplay-camera review passed"
"item.brain_lamp","src/items.js#BUILDERS.brain_lamp","Galaxy Brain Lamp","interior; item preview","0.528 × 0.966 × 0.48","local origin; contact plane Y=0","3","132","all mesh geometries have UV0","2","tc_metal_color_1x1; tc_metal_height_1x1; tc_metal_roughness_1x1","not required at current gameplay size; camera culls with scene bounds","placement footprint comes from slot types: floor-small","optional per-part spin/blink/flag metadata","floor-small","none after task6 rework","keep procedural geometry; standardize material response","kept geometry; assigned controlled material library","build + day/night material deck + gameplay-camera review passed"
"item.ai_printer","src/items.js#BUILDERS.ai_printer","AI Slop Printer","interior; item preview","0.7 × 0.8 × 0.697","local origin; contact plane Y=0","4","106","all mesh geometries have UV0","4","bc022a78-290e-49b1-9243-27579e7353c0; tc_metal_color_1x1; tc_metal_height_1x1; tc_metal_roughness_1x1","not required at current gameplay size; camera culls with scene bounds","placement footprint comes from slot types: floor-med","optional per-part spin/blink/flag metadata","floor-med","none after task6 rework","keep procedural geometry; standardize material response","kept geometry; assigned controlled material library","build + day/night material deck + gameplay-camera review passed"
"item.ring_light","src/items.js#BUILDERS.ring_light","NPC Streamer Ring Light","interior; item preview","0.74 × 1.714 × 0.56","local origin; contact plane Y=0","3","316","all mesh geometries have UV0","3","tc_metal_color_1x1; tc_metal_height_1x1; tc_metal_roughness_1x1; tc_plastic_color_1x1; tc_plastic_height_1x1; tc_plastic_roughness_1x1","not required at current gameplay size; camera culls with scene bounds","placement footprint comes from slot types: floor-small","optional per-part spin/blink/flag metadata","floor-small","none after task6 rework","keep procedural geometry; standardize material response","kept geometry; assigned controlled material library","build + day/night material deck + gameplay-camera review passed"
"item.neon_summer","src/items.js#BUILDERS.neon_summer","“Summer Was Different” Neon","interior; item preview","1.34 × 0.555 × 0.06","local origin; contact plane Y=0","3","26","all mesh geometries have UV0","3","951d7115-bb7e-4b27-999d-be57ae4f6492; tc_metal_color_1x1; tc_metal_height_1x1; tc_metal_roughness_1x1","not required at current gameplay size; camera culls with scene bounds","placement footprint comes from slot types: wall","optional per-part spin/blink/flag metadata","wall","none after task6 rework","keep procedural geometry; standardize material response","kept geometry; assigned controlled material library","build + day/night material deck + gameplay-camera review passed"
"item.exit_fountain","src/items.js#BUILDERS.exit_fountain","Exit Liquidity Fountain","interior; yard; item preview","2.15 × 0.9 × 2","local origin; contact plane Y=0","5","222","all mesh geometries have UV0","4","tc_ceramic_color_1x1; tc_ceramic_height_1x1; tc_ceramic_roughness_1x1; tc_fabric_color_1x1; tc_fabric_height_1x1; tc_fabric_roughness_1x1; tc_metal_color_1x1; tc_metal_height_1x1; tc_metal_roughness_1x1","not required at current gameplay size; camera culls with scene bounds","placement footprint comes from slot types: yard","optional per-part spin/blink/flag metadata","yard","none after task6 rework","keep procedural geometry; standardize material response","kept geometry; assigned controlled material library","build + day/night material deck + gameplay-camera review passed"
"item.dept_flag","src/items.js#BUILDERS.dept_flag","Meme Department Flag","interior; yard; item preview","0.892 × 2.2 × 0.12","local origin; contact plane Y=0","2","26","all mesh geometries have UV0","2","507d0cb4-3666-4dc5-90d8-8bedff044142; tc_plastic_color_1x1; tc_plastic_height_1x1; tc_plastic_roughness_1x1","not required at current gameplay size; camera culls with scene bounds","placement footprint comes from slot types: yard","optional per-part spin/blink/flag metadata","yard","none after task6 rework","keep procedural geometry; standardize material response","kept geometry; assigned controlled material library","build + day/night material deck + gameplay-camera review passed"
"item.touch_patch","src/items.js#BUILDERS.touch_patch","Touch Grass Patch","interior; yard; item preview","1.484 × 0.56 × 1.56","local origin; contact plane Y=0","10","166","all mesh geometries have UV0","5","cd32ad99-c122-4677-8ba0-8384c94a57ac; tc_foliage_color_1x1; tc_foliage_height_1x1; tc_foliage_roughness_1x1; tc_wood_color_1x1; tc_wood_height_1x1; tc_wood_roughness_1x1","not required at current gameplay size; camera culls with scene bounds","placement footprint comes from slot types: yard","optional per-part spin/blink/flag metadata","yard","none after task6 rework","keep procedural geometry; standardize material response","kept geometry; assigned controlled material library","build + day/night material deck + gameplay-camera review passed"
"item.bull_statue","src/items.js#BUILDERS.bull_statue","Small Bull Statue","interior; yard; item preview","1 × 1.239 × 0.7","local origin; contact plane Y=0","9","124","all mesh geometries have UV0","4","tc_ceramic_color_1x1; tc_ceramic_height_1x1; tc_ceramic_roughness_1x1; tc_wood_color_1x1; tc_wood_height_1x1; tc_wood_roughness_1x1","not required at current gameplay size; camera culls with scene bounds","placement footprint comes from slot types: yard","optional per-part spin/blink/flag metadata","yard","none after task6 rework","keep procedural geometry; standardize material response","kept geometry; assigned controlled material library","build + day/night material deck + gameplay-camera review passed"
"environment.street_network","src/city.js#_streets","Avenues and single-mesh ring roads","city","runtime-parametric","local system origin","runtime-dependent","runtime-dependent","all generated primitives/BufferGeometry provide UV0","shared by category","world-planar UV; asphalt material","not required at current gameplay size; camera culls with scene bounds","visual mesh is not used as a physics collider","none","none","none after task6 rework","keep procedural geometry; standardize material response","kept geometry; assigned controlled material library","build + day/night material deck + gameplay-camera review passed"
"environment.plot_pad","src/city.js#_plotPadGeometry","Beveled plot pad","city","runtime-parametric","local system origin","runtime-dependent","runtime-dependent","all generated primitives/BufferGeometry provide UV0","shared by category","generated UV; material by district/house","not required at current gameplay size; camera culls with scene bounds","visual mesh is not used as a physics collider","none","none","none after task6 rework","keep procedural geometry; standardize material response","kept geometry; assigned controlled material library","build + day/night material deck + gameplay-camera review passed"
"environment.plaza","src/city.js#_plaza","Central plaza and fountain","city","runtime-parametric","local system origin","runtime-dependent","runtime-dependent","all generated primitives/BufferGeometry provide UV0","shared by category","primitive UV; pavers/ceramic/water","not required at current gameplay size; camera culls with scene bounds","visual mesh is not used as a physics collider","none","none","none after task6 rework","keep procedural geometry; standardize material response","kept geometry; assigned controlled material library","build + day/night material deck + gameplay-camera review passed"
"environment.tree","src/city.js#makeTree","Low-poly tree variants","city","runtime-parametric","local system origin","runtime-dependent","runtime-dependent","all generated primitives/BufferGeometry provide UV0","shared by category","primitive UV; bark/foliage","not required at current gameplay size; camera culls with scene bounds","visual mesh is not used as a physics collider","none","none","none after task6 rework","keep procedural geometry; standardize material response","kept geometry; assigned controlled material library","build + day/night material deck + gameplay-camera review passed"
"environment.road_props","src/city.js","Lamps, benches, flags and markings","city","runtime-parametric","local system origin","runtime-dependent","runtime-dependent","all generated primitives/BufferGeometry provide UV0","shared by category","primitive UV; metal/wood/fabric","not required at current gameplay size; camera culls with scene bounds","visual mesh is not used as a physics collider","none","none","none after task6 rework","keep procedural geometry; standardize material response","kept geometry; assigned controlled material library","build + day/night material deck + gameplay-camera review passed"
"resident.character","src/residents.js","Procedural resident body variants","city","runtime-parametric","local system origin","runtime-dependent","runtime-dependent","all generated primitives/BufferGeometry provide UV0","shared by category","primitive UV; shared opaque materials","not required at current gameplay size; camera culls with scene bounds","visual mesh is not used as a physics collider","none","none","none after task6 rework","keep procedural geometry; standardize material response","kept geometry; assigned controlled material library","build + day/night material deck + gameplay-camera review passed"
"interior.shell","src/interior.js","Parametric floors, walls, openings and stairs","interior","runtime-parametric","local system origin","runtime-dependent","runtime-dependent","all generated primitives/BufferGeometry provide UV0","shared by category","primitive UV; plaster/floorWood/glass","not required at current gameplay size; camera culls with scene bounds","visual mesh is not used as a physics collider","none","none","none after task6 rework","keep procedural geometry; standardize material response","kept geometry; assigned controlled material library","build + day/night material deck + gameplay-camera review passed"
